participant,peak_cp_ms,max_cp_prob
sub-01,-155.0,0.010000000000000004
sub-02,-155.0,0.010000000000000004
sub-03,-155.0,0.010000000000000004
sub-04,-155.0,0.010000000000000004
sub-05,-155.0,0.010000000000000004
sub-06,-155.0,0.010000000000000004
sub-07,-155.0,0.010000000000000004
sub-08,-155.0,0.010000000000000004
sub-09,-155.0,0.009999999999999995
sub-10,-155.0,0.010000000000000004
