effect_size,cp_type,detection_rate,mean_latency,std_latency,mean_max_cp_prob
0.5,mean,0.44,0.75,26.856051459587277,0.1619367724217352
1.0,mean,0.6,-1.31,23.250675259011295,0.1933906110456596
1.5,mean,0.72,-1.44,19.11665242661487,0.26594262637626154
2.0,mean,0.91,-0.12,10.564355162526486,0.41694319028967414
1.5,variance,0.33,22.1,18.258970398135816,0.3687399579677287
2.0,variance,0.24,26.25,15.74761886762567,0.5694467243363612
2.5,variance,0.27,27.09,13.468552260729435,0.6897429388532617
3.0,variance,0.27,26.75,14.018113282464228,0.7718116594955494
