participant,peak_cp_ms,max_cp_prob
sub-01,-105.0,0.05000000000000003
sub-02,-155.0,0.05000000000000003
sub-03,-105.0,0.05000000000000003
sub-04,-105.0,0.05000000000000003
sub-05,-155.0,0.05000000000000003
sub-06,-155.0,0.05000000000000003
sub-07,-55.0,0.05000000000000003
sub-08,-155.0,0.05000000000000003
sub-09,-155.0,0.05000000000000003
sub-10,-155.0,0.05000000000000003
