participant,peak_cp_ms,max_cp_prob
sub-01,395.0,0.053616747574589806
sub-02,-5.0,0.09686466302632776
sub-03,395.0,0.09278054903902963
sub-04,645.0,0.06426687339714361
sub-05,345.0,0.10774246635672763
sub-06,545.0,0.03808795195295058
sub-07,595.0,0.09539671830557875
sub-08,395.0,0.07201815047794217
sub-09,-55.0,0.05097902420818734
sub-10,295.0,0.035578195862758795
