participant,peak_cp_ms,max_cp_prob
sub-01,-155.0,0.05000000000000001
sub-02,-155.0,0.05000000000000003
sub-03,-155.0,0.05000000000000001
sub-04,-155.0,0.05000000000000001
sub-05,-155.0,0.05000000000000003
sub-06,-155.0,0.05000000000000003
sub-07,-155.0,0.05000000000000001
sub-08,-155.0,0.05000000000000003
sub-09,-155.0,0.05000000000000003
sub-10,-155.0,0.05000000000000003
