participant,peak_cp_ms,max_cp_prob
sub-01,195.0,0.06708609481220948
sub-02,195.0,0.046139150927486806
sub-03,595.0,0.13848620437635503
sub-04,145.0,0.07308815564428392
sub-05,545.0,0.07100167583072396
sub-06,145.0,0.055960319511417146
sub-07,195.0,0.05029977520322867
sub-08,395.0,0.0707719304699105
sub-09,95.0,0.04471855670106987
sub-10,295.0,0.030103234714226018
