participant,peak_time_ms,peak_var
sub-01,790.0,0.1349221307308261
sub-02,760.0,0.12044644019684057
sub-03,790.0,0.21985795307180747
sub-04,790.0,0.2481563814401983
sub-05,790.0,0.13825674322947945
sub-06,790.0,0.13702879513264735
sub-07,700.0,0.1238902649544691
sub-08,790.0,0.15569220883840781
sub-09,790.0,0.14815120232261195
sub-10,790.0,0.12912668779120326
